<configs>
    <remove xpath="/ui_display_info/item_display/item_display_info[contains(@display_type,'armorLumberjack')]/display_entry"/>
    <remove xpath="/ui_display_info/item_display/item_display_info[contains(@display_type,'armorPreacher')]/display_entry"/>
    <remove xpath="/ui_display_info/item_display/item_display_info[contains(@display_type,'armorRogue')]/display_entry"/>
    <remove xpath="/ui_display_info/item_display/item_display_info[contains(@display_type,'armorAthletic')]/display_entry"/>
    <remove xpath="/ui_display_info/item_display/item_display_info[contains(@display_type,'armorEnforcer')]/display_entry"/>
    <remove xpath="/ui_display_info/item_display/item_display_info[contains(@display_type,'armorFarmer')]/display_entry"/>
    <remove xpath="/ui_display_info/item_display/item_display_info[contains(@display_type,'armorBiker')]/display_entry"/>
    <remove xpath="/ui_display_info/item_display/item_display_info[contains(@display_type,'armorScavenger')]/display_entry"/>
    <remove xpath="/ui_display_info/item_display/item_display_info[contains(@display_type,'armorRanger')]/display_entry"/>
    <remove xpath="/ui_display_info/item_display/item_display_info[contains(@display_type,'armorCommando')]/display_entry"/>
    <remove xpath="/ui_display_info/item_display/item_display_info[contains(@display_type,'armorAssassin')]/display_entry"/>
    <remove xpath="/ui_display_info/item_display/item_display_info[contains(@display_type,'armorMiner')]/display_entry"/>
    <remove xpath="/ui_display_info/item_display/item_display_info[contains(@display_type,'armorNomad')]/display_entry"/>
    <remove xpath="/ui_display_info/item_display/item_display_info[contains(@display_type,'armorNerd')]/display_entry"/>
    <remove xpath="/ui_display_info/item_display/item_display_info[contains(@display_type,'armorRaider')]/display_entry"/>
    
</configs>